feature,importance
usd_goal,626
spelling_errors,257
desc_emb_large_4,257
desc_emb_large_7,215
desc_emb_large_1,192
country_the united states,189
prelaunch_activated,162
desc_emb_large_6,162
staff_pick,161
total_unique_colors,152
campaign_days,141
desc_emb_large_0,140
has_animated_gif,137
desc_emb_large_13,129
desc_emb_large_8,126
desc_emb_large_15,125
desc_emb_large_3,125
desc_emb_large_12,125
desc_emb_large_32,115
desc_emb_large_14,109
desc_emb_large_74,107
desc_emb_large_82,106
desc_emb_large_33,103
desc_emb_large_103,102
desc_emb_large_19,100
avg_sentence_length,98
desc_emb_large_5,97
year_2024,96
desc_emb_large_23,96
desc_emb_large_9,95
desc_emb_large_10,95
desc_emb_large_2,94
flesch_reading_ease,93
avg_sharpness,90
year_2025,88
desc_emb_large_46,88
desc_emb_large_100,87
image_count,87
desc_emb_large_84,86
desc_emb_large_35,86
year_2017,84
desc_emb_large_40,83
desc_emb_large_91,82
year_2016,82
desc_emb_large_141,81
desc_emb_large_43,81
desc_emb_large_34,81
desc_emb_large_115,79
year_2015,79
desc_emb_large_112,79
desc_emb_large_96,78
desc_emb_large_124,78
desc_emb_large_132,77
desc_emb_large_128,77
year_2018,77
desc_emb_large_11,76
desc_emb_large_56,74
desc_emb_large_36,74
desc_emb_large_49,73
desc_emb_large_63,73
avg_aspect_ratio,73
desc_emb_large_58,72
desc_emb_large_87,71
desc_emb_large_133,71
max_sharpness,71
desc_emb_large_95,71
desc_emb_large_89,71
desc_emb_large_90,71
desc_emb_large_37,71
desc_emb_large_70,70
desc_emb_large_39,70
desc_emb_large_118,70
desc_emb_large_69,70
min_contrast_rms,69
desc_emb_large_29,69
desc_emb_large_28,69
year_2014,68
desc_emb_large_45,68
desc_emb_large_72,68
desc_emb_large_83,68
avg_unique_colors,68
desc_emb_large_142,68
desc_emb_large_16,68
desc_emb_large_20,68
desc_emb_large_44,68
desc_emb_large_68,68
desc_emb_large_77,68
desc_emb_large_55,67
desc_emb_large_109,67
desc_emb_large_78,67
desc_emb_large_71,66
desc_emb_large_123,65
desc_emb_large_26,65
desc_emb_large_98,65
desc_emb_large_120,65
desc_emb_large_102,64
desc_emb_large_137,64
desc_emb_large_114,64
desc_emb_large_88,63
desc_emb_large_101,63
desc_emb_large_51,63
desc_emb_large_79,63
creation_to_launch_days,63
max_contrast_rms,63
desc_emb_large_145,62
desc_emb_large_93,62
desc_emb_large_126,62
desc_emb_large_147,61
desc_emb_large_41,61
desc_emb_large_52,61
desc_emb_large_50,60
desc_emb_large_61,60
desc_emb_large_138,60
desc_emb_large_99,60
desc_emb_large_18,59
desc_emb_large_136,59
name_length,59
desc_emb_large_17,59
desc_emb_large_110,59
desc_emb_large_104,58
num_paragraphs,58
desc_emb_large_59,58
desc_emb_large_27,58
desc_emb_large_62,58
desc_emb_large_149,58
desc_emb_large_31,57
video_count,57
desc_emb_large_22,57
desc_emb_large_64,57
desc_emb_large_73,57
desc_emb_large_111,57
desc_emb_large_107,57
desc_emb_large_86,57
avg_height,56
desc_emb_large_106,56
desc_emb_large_21,56
desc_emb_large_42,56
desc_emb_large_85,56
desc_emb_large_76,56
year_2022,55
desc_emb_large_129,55
desc_emb_large_122,55
desc_emb_large_108,55
desc_emb_large_97,55
desc_emb_large_140,54
desc_emb_large_146,54
desc_emb_large_117,54
desc_emb_large_30,54
desc_emb_large_139,53
desc_emb_large_24,53
has_gif,52
desc_emb_large_75,52
desc_emb_large_135,52
desc_emb_large_47,52
desc_emb_large_54,52
desc_emb_large_144,51
desc_emb_large_67,51
desc_emb_large_143,51
desc_emb_large_119,51
desc_emb_large_66,51
desc_emb_large_25,49
desc_emb_large_81,48
desc_emb_large_53,47
desc_emb_large_105,47
desc_emb_large_38,47
desc_emb_large_94,45
desc_emb_large_65,45
desc_emb_large_113,45
blurb_length,44
desc_emb_large_125,44
min_saturation,44
desc_emb_large_131,43
desc_emb_large_134,43
desc_emb_large_48,43
desc_emb_large_130,43
min_entropy,42
desc_emb_large_80,42
desc_emb_large_127,42
min_sharpness,41
desc_emb_large_92,40
desc_emb_large_60,39
desc_emb_large_148,39
genre_visual_novel,38
year_2020,38
desc_emb_large_57,38
desc_emb_large_121,37
desc_emb_large_116,36
deadline_month_December,31
deadline_month_June,26
launch_month_December,21
launch_time_6pm-8pm,20
deadline_month_July,20
genre_fps,19
deadline_month_May,19
mentions_origin,19
deadline_time_2am-4am,17
year_2011,17
lang_es_de,17
deadline_month_November,17
year_2021,16
launch_day_Tuesday,14
year_2019,14
deadline_month_March,13
year_2023,13
platform_xbox,13
deadline_time_10am-12pm,12
created_month_February,11
year_2013,10
genre_roguelike,10
platform_android,9
genre_survival,8
launch_time_2pm-4pm,8
launch_day_Monday,7
deadline_month_October,7
platform_ios,7
launch_month_November,7
platform_linux,6
created_month_April,6
genre_indie,6
year_2012,6
country_the united kingdom,6
mentions_steam,5
genre_mmo,5
year_2009,4
created_month_September,4
platform_mobile,4
has_multiplayer,4
deadline_time_12pm-2pm,4
deadline_time_10pm-12am,4
deadline_time_6pm-8pm,4
genre_puzzle,4
launch_day_Friday,4
deadline_day_Tuesday,4
deadline_day_Friday,4
deadline_month_September,3
mentions_itch.io,3
launch_day_Thursday,3
genre_adventure,3
launch_time_4am-6am,3
deadline_month_August,3
deadline_time_6am-8am,3
deadline_month_February,3
deadline_month_April,3
deadline_time_8pm-10pm,3
launch_month_July,3
created_month_December,3
launch_time_4pm-6pm,3
created_day_Saturday,2
launch_time_8pm-10pm,2
platform_nintendo_switch,2
launch_month_January,2
created_day_Monday,2
created_month_June,2
genre_sandbox,2
created_month_January,2
deadline_day_Thursday,2
mentions_gog,2
genre_platformer,2
launch_day_Saturday,2
genre_racing,2
platform_pc,2
platform_playstation,2
has_png,2
created_month_November,2
country_australia,2
deadline_time_4pm-6pm,2
deadline_time_4am-6am,2
country_france,2
deadline_day_Saturday,2
genre_horror,1
has_jpg,1
deadline_month_January,1
genre_rpg,1
launch_day_Sunday,1
created_day_Wednesday,1
platform_mac,1
launch_time_2am-4am,1
created_month_August,1
year_2010,1
platform_windows,1
launch_month_October,1
created_month_October,1
created_month_May,1
created_day_Thursday,1
country_mexico,1
launch_day_Wednesday,1
country_canada,1
country_japan,1
created_day_Tuesday,1
deadline_day_Wednesday,1
launch_time_10am-12pm,1
deadline_time_2pm-4pm,1
launch_month_August,1
launch_month_June,1
mentions_uplay,0
mentions_battle.net,0
mentions_xbox_store,0
mentions_playstation_store,0
mentions_nintendo_eshop,0
genre_simulator,0
genre_strategy,0
mentions_epic_games,0
country_spain,0
country_sweden,0
country_denmark,0
country_luxembourg,0
country_new zealand,0
created_day_Friday,0
deadline_time_8am-10am,0
launch_month_September,0
deadline_time_12am-2am,0
launch_month_April,0
launch_month_February,0
launch_month_March,0
launch_month_May,0
country_slovenia,0
country_singapore,0
country_poland,0
country_norway,0
country_the netherlands,0
country_switzerland,0
country_belgium,0
country_austria,0
country_italy,0
country_ireland,0
country_hong kong,0
country_greece,0
country_germany,0
launch_time_6am-8am,0
deadline_day_Monday,0
deadline_day_Sunday,0
created_day_Sunday,0
launch_time_8am-10am,0
launch_time_12am-2am,0
launch_time_12pm-2pm,0
launch_time_10pm-12am,0
lang_fr,0
created_month_July,0
created_month_March,0
